idFilme,titulo,generos,media_notas,nro_avaliacoes
1,Toy Story (1995),Adventure|Animation|Children|Comedy|Fantasy,3.9209302325581397,215.0
2,Jumanji (1995),Adventure|Children|Fantasy,3.4318181818181817,110.0
3,Grumpier Old Men (1995),Comedy|Romance,3.2596153846153846,52.0
5,Father of the Bride Part II (1995),Comedy,3.0714285714285716,49.0
6,Heat (1995),Action|Crime|Thriller,3.946078431372549,102.0
7,Sabrina (1995),Comedy|Romance,3.185185185185185,54.0
10,GoldenEye (1995),Action|Adventure|Thriller,3.496212121212121,132.0
11,"American President, The (1995)",Comedy|Drama|Romance,3.6714285714285713,70.0
16,Casino (1995),Crime|Drama,3.926829268292683,82.0
17,Sense and Sensibility (1995),Drama|Romance,3.7761194029850746,67.0
19,Ace Ventura: When Nature Calls (1995),Comedy,2.727272727272727,88.0
21,Get Shorty (1995),Comedy|Crime|Thriller,3.49438202247191,89.0
22,Copycat (1995),Crime|Drama|Horror|Mystery|Thriller,3.2222222222222223,36.0
25,Leaving Las Vegas (1995),Drama|Romance,3.625,76.0
29,"City of Lost Children, The (Cité des enfants perdus, La) (1995)",Adventure|Drama|Fantasy|Mystery|Sci-Fi,4.0131578947368425,38.0
31,Dangerous Minds (1995),Drama,3.1842105263157894,38.0
32,Twelve Monkeys (a.k.a. 12 Monkeys) (1995),Mystery|Sci-Fi|Thriller,3.983050847457627,177.0
34,Babe (1995),Children|Drama,3.65234375,128.0
36,Dead Man Walking (1995),Crime|Drama,3.8358208955223883,67.0
39,Clueless (1995),Comedy|Romance,3.293269230769231,104.0
44,Mortal Kombat (1995),Action|Adventure|Fantasy,2.5434782608695654,46.0
45,To Die For (1995),Comedy|Drama|Thriller,3.3125,32.0
47,Seven (a.k.a. Se7en) (1995),Mystery|Thriller,3.9753694581280787,203.0
48,Pocahontas (1995),Animation|Children|Drama|Musical|Romance,3.1470588235294117,68.0
50,"Usual Suspects, The (1995)",Crime|Mystery|Thriller,4.237745098039215,204.0
58,"Postman, The (Postino, Il) (1994)",Comedy|Drama|Romance,4.027027027027027,37.0
60,"Indian in the Cupboard, The (1995)",Adventure|Children|Fantasy,3.235294117647059,34.0
62,Mr. Holland's Opus (1995),Drama,3.70625,80.0
65,Bio-Dome (1996),Comedy,2.532258064516129,31.0
70,From Dusk Till Dawn (1996),Action|Comedy|Horror|Thriller,3.5090909090909093,55.0
95,Broken Arrow (1996),Action|Adventure|Thriller,3.0238095238095237,84.0
104,Happy Gilmore (1996),Comedy,3.4393939393939394,99.0
110,Braveheart (1995),Action|Drama|War,4.031645569620253,237.0
111,Taxi Driver (1976),Crime|Drama|Thriller,4.105769230769231,104.0
112,Rumble in the Bronx (Hont faan kui) (1995),Action|Adventure|Comedy|Crime,3.5434782608695654,46.0
135,Down Periscope (1996),Comedy,2.9516129032258065,31.0
141,"Birdcage, The (1996)",Comedy,3.494186046511628,86.0
145,Bad Boys (1995),Action|Comedy|Crime|Drama|Thriller,3.2450980392156863,51.0
150,Apollo 13 (1995),Adventure|Drama|IMAX,3.845771144278607,201.0
151,Rob Roy (1995),Action|Drama|Romance|War,3.5454545454545454,44.0
153,Batman Forever (1995),Action|Adventure|Comedy|Crime,2.9160583941605838,137.0
158,Casper (1995),Adventure|Children,2.806451612903226,62.0
160,Congo (1995),Action|Adventure|Mystery|Sci-Fi,2.8771929824561404,57.0
161,Crimson Tide (1995),Drama|Thriller|War,3.6359223300970873,103.0
163,Desperado (1995),Action|Romance|Western,3.5606060606060606,66.0
165,Die Hard: With a Vengeance (1995),Action|Crime|Thriller,3.5555555555555554,144.0
168,First Knight (1995),Action|Drama|Romance,3.0833333333333335,54.0
170,Hackers (1995),Action|Adventure|Crime|Thriller,3.2285714285714286,35.0
172,Johnny Mnemonic (1995),Action|Sci-Fi|Thriller,2.6792452830188678,53.0
173,Judge Dredd (1995),Action|Crime|Sci-Fi,2.6693548387096775,62.0
180,Mallrats (1995),Comedy|Romance,3.4027777777777777,36.0
185,"Net, The (1995)",Action|Crime|Thriller,3.0401785714285716,112.0
186,Nine Months (1995),Comedy|Romance,2.8229166666666665,48.0
193,Showgirls (1995),Drama,2.4714285714285715,35.0
196,Species (1995),Horror|Sci-Fi,2.6666666666666665,45.0
208,Waterworld (1995),Action|Adventure|Sci-Fi,2.9130434782608696,115.0
216,Billy Madison (1995),Comedy,3.326530612244898,49.0
223,Clerks (1994),Comedy,3.855769230769231,104.0
224,Don Juan DeMarco (1995),Comedy|Drama|Romance,3.6125,40.0
225,Disclosure (1994),Drama|Thriller,3.5384615384615383,52.0
231,Dumb & Dumber (Dumb and Dumber) (1994),Adventure|Comedy,3.0601503759398496,133.0
235,Ed Wood (1994),Comedy|Drama,3.6785714285714284,70.0
236,French Kiss (1995),Action|Comedy|Romance,3.477777777777778,45.0
252,I.Q. (1994),Comedy|Romance,3.453488372093023,43.0
253,Interview with the Vampire: The Vampire Chronicles (1994),Drama|Horror,3.458715596330275,109.0
256,Junior (1994),Comedy|Sci-Fi,2.8285714285714287,35.0
260,Star Wars: Episode IV - A New Hope (1977),Action|Adventure|Sci-Fi,4.231075697211155,251.0
261,Little Women (1994),Drama,3.880952380952381,42.0
265,Like Water for Chocolate (Como agua para chocolate) (1992),Drama|Fantasy|Romance,3.9393939393939394,33.0
266,Legends of the Fall (1994),Drama|Romance|War|Western,3.3970588235294117,68.0
272,"Madness of King George, The (1994)",Comedy|Drama,3.7580645161290325,31.0
277,Miracle on 34th Street (1994),Drama,3.223684210526316,38.0
282,Nell (1994),Drama,3.3375,40.0
288,Natural Born Killers (1994),Action|Crime|Thriller,3.233695652173913,92.0
292,Outbreak (1995),Action|Drama|Sci-Fi|Thriller,3.4257425742574257,101.0
293,Léon: The Professional (a.k.a. The Professional) (Léon) (1994),Action|Crime|Drama|Thriller,4.018796992481203,133.0
296,Pulp Fiction (1994),Comedy|Crime|Drama|Thriller,4.197068403908795,307.0
300,Quiz Show (1994),Drama,3.5185185185185186,81.0
303,"Quick and the Dead, The (1995)",Action|Thriller|Western,2.953125,32.0
315,"Specialist, The (1994)",Action|Drama|Thriller,3.0789473684210527,38.0
316,Stargate (1994),Action|Adventure|Sci-Fi,3.375,140.0
317,"Santa Clause, The (1994)",Comedy|Drama|Fantasy,3.2037037037037037,81.0
318,"Shawshank Redemption, The (1994)",Crime|Drama,4.429022082018927,317.0
327,Tank Girl (1995),Action|Comedy|Sci-Fi,2.823529411764706,34.0
329,Star Trek: Generations (1994),Adventure|Drama|Sci-Fi,3.3935185185185186,108.0
333,Tommy Boy (1995),Comedy,3.78,50.0
337,What's Eating Gilbert Grape (1993),Drama,3.7662337662337664,77.0
339,While You Were Sleeping (1995),Comedy|Romance,3.4693877551020407,98.0
342,Muriel's Wedding (1994),Comedy,3.272727272727273,33.0
344,Ace Ventura: Pet Detective (1994),Comedy,3.040372670807453,161.0
345,"Adventures of Priscilla, Queen of the Desert, The (1994)",Comedy|Drama,3.5972222222222223,36.0
349,Clear and Present Danger (1994),Action|Crime|Drama|Thriller,3.6045454545454545,110.0
350,"Client, The (1994)",Drama|Mystery|Thriller,3.3859649122807016,57.0
353,"Crow, The (1994)",Action|Crime|Fantasy|Thriller,3.609375,64.0
355,"Flintstones, The (1994)",Children|Comedy|Fantasy,2.357142857142857,42.0
356,Forrest Gump (1994),Comedy|Drama|Romance|War,4.164133738601824,329.0
357,Four Weddings and a Funeral (1994),Comedy|Romance,3.5194174757281553,103.0
362,"Jungle Book, The (1994)",Adventure|Children|Romance,3.5294117647058822,34.0
364,"Lion King, The (1994)",Adventure|Animation|Children|Drama|Musical|IMAX,3.941860465116279,172.0
367,"Mask, The (1994)",Action|Comedy|Crime|Fantasy,3.1847133757961785,157.0
368,Maverick (1994),Adventure|Comedy|Western,3.5,74.0
370,Naked Gun 33 1/3: The Final Insult (1994),Action|Comedy,3.060344827586207,58.0
376,"River Wild, The (1994)",Action|Thriller,3.25,40.0
377,Speed (1994),Action|Romance|Thriller,3.5292397660818713,171.0
380,True Lies (1994),Action|Adventure|Comedy|Romance|Thriller,3.497191011235955,178.0
410,Addams Family Values (1993),Children|Comedy|Fantasy,3.1011904761904763,84.0
420,Beverly Hills Cop III (1994),Action|Comedy|Crime|Thriller,2.7203389830508473,59.0
431,Carlito's Way (1993),Crime|Drama,3.738095238095238,42.0
432,City Slickers II: The Legend of Curly's Gold (1994),Adventure|Comedy|Western,2.6454545454545455,55.0
434,Cliffhanger (1993),Action|Adventure|Thriller,3.0346534653465347,101.0
435,Coneheads (1993),Comedy|Sci-Fi,2.4206349206349205,63.0
440,Dave (1993),Comedy|Romance,3.5460526315789473,76.0
441,Dazed and Confused (1993),Comedy,3.9285714285714284,42.0
442,Demolition Man (1993),Action|Adventure|Sci-Fi,3.0925925925925926,81.0
454,"Firm, The (1993)",Drama|Thriller,3.5346534653465347,101.0
455,Free Willy (1993),Adventure|Children|Drama,2.391891891891892,37.0
457,"Fugitive, The (1993)",Thriller,3.9921052631578946,190.0
466,Hot Shots! Part Deux (1993),Action|Comedy|War,2.8666666666666667,60.0
471,"Hudsucker Proxy, The (1994)",Comedy,3.55,40.0
474,In the Line of Fire (1993),Action|Thriller,3.692857142857143,70.0
480,Jurassic Park (1993),Action|Adventure|Sci-Fi|Thriller,3.75,238.0
485,Last Action Hero (1993),Action|Adventure|Comedy|Fantasy,2.9339622641509435,53.0
494,Executive Decision (1996),Action|Adventure|Thriller,3.3780487804878048,41.0
497,Much Ado About Nothing (1993),Comedy|Romance,3.813953488372093,43.0
500,Mrs. Doubtfire (1993),Comedy|Drama,3.388888888888889,144.0
508,Philadelphia (1993),Drama,3.6136363636363638,66.0
509,"Piano, The (1993)",Drama|Romance,3.540983606557377,61.0
520,Robin Hood: Men in Tights (1993),Comedy,3.130434782608696,69.0
524,Rudy (1993),Drama,3.485294117647059,34.0
527,Schindler's List (1993),Drama|War,4.225,220.0
529,Searching for Bobby Fischer (1993),Drama,3.875,40.0
539,Sleepless in Seattle (1993),Comedy|Drama|Romance,3.4716981132075473,106.0
541,Blade Runner (1982),Action|Sci-Fi|Thriller,4.100806451612903,124.0
543,So I Married an Axe Murderer (1993),Comedy|Romance|Thriller,3.317073170731707,41.0
551,"Nightmare Before Christmas, The (1993)",Animation|Children|Fantasy|Musical,3.553763440860215,93.0
552,"Three Musketeers, The (1993)",Action|Adventure|Comedy|Romance,3.262295081967213,61.0
553,Tombstone (1993),Action|Drama|Western,3.8153846153846156,65.0
555,True Romance (1993),Crime|Thriller,3.8,65.0
585,"Brady Bunch Movie, The (1995)",Comedy,2.736111111111111,36.0
586,Home Alone (1990),Children|Comedy,2.9956896551724137,116.0
587,Ghost (1990),Comedy|Drama|Fantasy|Romance|Thriller,3.4347826086956523,115.0
588,Aladdin (1992),Adventure|Animation|Children|Comedy|Musical,3.7923497267759565,183.0
589,Terminator 2: Judgment Day (1991),Action|Sci-Fi,3.970982142857143,224.0
590,Dances with Wolves (1990),Adventure|Drama|Western,3.8353658536585367,164.0
592,Batman (1989),Action|Crime|Thriller,3.4285714285714284,189.0
593,"Silence of the Lambs, The (1991)",Crime|Horror|Thriller,4.161290322580645,279.0
594,Snow White and the Seven Dwarfs (1937),Animation|Children|Drama|Fantasy|Musical,3.616883116883117,77.0
595,Beauty and the Beast (1991),Animation|Children|Fantasy|Musical|Romance|IMAX,3.7705479452054793,146.0
596,Pinocchio (1940),Animation|Children|Fantasy|Musical,3.45,60.0
597,Pretty Woman (1990),Comedy|Romance,3.4851851851851854,135.0
608,Fargo (1996),Comedy|Crime|Drama|Thriller,4.116022099447513,181.0
610,Heavy Metal (1981),Action|Adventure|Animation|Horror|Sci-Fi,3.5454545454545454,33.0
616,"Aristocats, The (1970)",Animation|Children,3.411111111111111,45.0
628,Primal Fear (1996),Crime|Drama|Mystery|Thriller,3.642857142857143,35.0
637,Sgt. Bilko (1996),Comedy,3.0454545454545454,33.0
648,Mission: Impossible (1996),Action|Adventure|Mystery|Thriller,3.537037037037037,162.0
653,Dragonheart (1996),Action|Adventure|Fantasy,3.0923076923076924,65.0
661,James and the Giant Peach (1996),Adventure|Animation|Children|Fantasy|Musical,3.4489795918367347,49.0
671,Mystery Science Theater 3000: The Movie (1996),Comedy|Sci-Fi,3.486111111111111,36.0
673,Space Jam (1996),Adventure|Animation|Children|Comedy|Fantasy|Sci-Fi,2.707547169811321,53.0
708,"Truth About Cats & Dogs, The (1996)",Comedy|Romance,3.3879310344827585,58.0
719,Multiplicity (1996),Comedy,2.842857142857143,35.0
724,"Craft, The (1996)",Drama|Fantasy|Horror|Thriller,3.032258064516129,31.0
733,"Rock, The (1996)",Action|Adventure|Thriller,3.6404958677685952,121.0
736,Twister (1996),Action|Adventure|Romance|Thriller,3.321138211382114,123.0
745,Wallace & Gromit: A Close Shave (1995),Animation|Children|Comedy,3.8958333333333335,48.0
750,Dr. Strangelove or: How I Learned to Stop Worrying and Love the Bomb (1964),Comedy|War,4.268041237113402,97.0
762,Striptease (1996),Comedy|Crime,2.4146341463414633,41.0
778,Trainspotting (1996),Comedy|Crime|Drama,4.03921568627451,102.0
780,Independence Day (a.k.a. ID4) (1996),Action|Adventure|Sci-Fi|Thriller,3.4455445544554455,202.0
783,"Hunchback of Notre Dame, The (1996)",Animation|Children|Drama|Musical|Romance,3.3297872340425534,47.0
784,"Cable Guy, The (1996)",Comedy|Thriller,2.8055555555555554,54.0
785,Kingpin (1996),Comedy,3.369047619047619,42.0
786,Eraser (1996),Action|Drama|Thriller,3.109375,64.0
788,"Nutty Professor, The (1996)",Comedy|Fantasy|Romance|Sci-Fi,2.731707317073171,82.0
802,Phenomenon (1996),Drama|Romance,3.3369565217391304,46.0
805,"Time to Kill, A (1996)",Drama|Thriller,3.657142857142857,35.0
832,Ransom (1996),Crime|Thriller,3.3378378378378377,37.0
837,Matilda (1996),Children|Comedy|Fantasy,3.272727272727273,33.0
849,Escape from L.A. (1996),Action|Adventure|Sci-Fi|Thriller,2.9204545454545454,44.0
852,Tin Cup (1996),Comedy|Drama|Romance,3.1744186046511627,43.0
858,"Godfather, The (1972)",Crime|Drama,4.2890625,192.0
899,Singin' in the Rain (1952),Comedy|Musical|Romance,4.074468085106383,47.0
902,Breakfast at Tiffany's (1961),Drama|Romance,3.8472222222222223,36.0
903,Vertigo (1958),Drama|Mystery|Romance|Thriller,4.025,60.0
904,Rear Window (1954),Mystery|Thriller,4.261904761904762,84.0
908,North by Northwest (1959),Action|Adventure|Mystery|Romance|Thriller,4.184210526315789,57.0
910,Some Like It Hot (1959),Comedy|Crime,4.01,50.0
912,Casablanca (1942),Drama|Romance,4.24,100.0
913,"Maltese Falcon, The (1941)",Film-Noir|Mystery,4.170454545454546,44.0
914,My Fair Lady (1964),Comedy|Drama|Musical|Romance,4.042857142857143,35.0
919,"Wizard of Oz, The (1939)",Adventure|Children|Fantasy|Musical,3.880434782608696,92.0
920,Gone with the Wind (1939),Drama|Romance|War,3.6444444444444444,45.0
923,Citizen Kane (1941),Drama|Mystery,4.043478260869565,69.0
924,2001: A Space Odyssey (1968),Adventure|Drama|Sci-Fi,3.8944954128440368,109.0
953,It's a Wonderful Life (1946),Children|Drama|Fantasy|Romance,4.0344827586206895,58.0
969,"African Queen, The (1951)",Adventure|Comedy|Romance|War,3.9705882352941178,34.0
1020,Cool Runnings (1993),Comedy,3.081081081081081,37.0
1022,Cinderella (1950),Animation|Children|Fantasy|Musical|Romance,3.488095238095238,42.0
1028,Mary Poppins (1964),Children|Comedy|Fantasy|Musical,3.887323943661972,71.0
1029,Dumbo (1941),Animation|Children|Drama|Musical,3.3857142857142857,35.0
1032,Alice in Wonderland (1951),Adventure|Animation|Children|Fantasy|Musical,3.375,40.0
1035,"Sound of Music, The (1965)",Musical|Romance,3.9375,64.0
1036,Die Hard (1988),Action|Crime|Thriller,3.8620689655172415,145.0
1042,That Thing You Do! (1996),Comedy|Drama,3.2738095238095237,42.0
1047,"Long Kiss Goodnight, The (1996)",Action|Drama|Thriller,3.3181818181818183,33.0
1059,William Shakespeare's Romeo + Juliet (1996),Drama|Romance,3.7222222222222223,36.0
1060,Swingers (1996),Comedy|Drama,3.6944444444444446,36.0
1073,Willy Wonka & the Chocolate Factory (1971),Children|Comedy|Fantasy|Musical,3.8739495798319328,119.0
1079,"Fish Called Wanda, A (1988)",Comedy|Crime,3.9225352112676055,71.0
1080,Monty Python's Life of Brian (1979),Comedy,3.9269662921348316,89.0
1084,Bonnie and Clyde (1967),Crime|Drama,4.071428571428571,35.0
1088,Dirty Dancing (1987),Drama|Musical|Romance,3.369047619047619,42.0
1089,Reservoir Dogs (1992),Crime|Mystery|Thriller,4.202290076335878,131.0
1090,Platoon (1986),Drama|War,3.984126984126984,63.0
1092,Basic Instinct (1992),Crime|Mystery|Thriller,3.1914893617021276,47.0
1093,"Doors, The (1991)",Drama,3.4054054054054053,37.0
1094,"Crying Game, The (1992)",Drama|Romance|Thriller,3.4404761904761907,42.0
1097,E.T. the Extra-Terrestrial (1982),Children|Drama|Sci-Fi,3.7663934426229506,122.0
1101,Top Gun (1986),Action|Romance,3.3012048192771086,83.0
1127,"Abyss, The (1989)",Action|Adventure|Sci-Fi|Thriller,3.475806451612903,62.0
1129,Escape from New York (1981),Action|Adventure|Sci-Fi|Thriller,3.448717948717949,39.0
1136,Monty Python and the Holy Grail (1975),Adventure|Comedy|Fantasy,4.161764705882353,136.0
1148,Wallace & Gromit: The Wrong Trousers (1993),Animation|Children|Comedy|Crime,4.035714285714286,56.0
1172,Cinema Paradiso (Nuovo cinema Paradiso) (1989),Drama,4.161764705882353,34.0
1183,"English Patient, The (1996)",Drama|Romance|War,3.7111111111111112,45.0
1193,One Flew Over the Cuckoo's Nest (1975),Drama,4.203007518796992,133.0
1196,Star Wars: Episode V - The Empire Strikes Back (1980),Action|Adventure|Sci-Fi,4.2156398104265405,211.0
1197,"Princess Bride, The (1987)",Action|Adventure|Comedy|Fantasy|Romance,4.232394366197183,142.0
1198,Raiders of the Lost Ark (Indiana Jones and the Raiders of the Lost Ark) (1981),Action|Adventure,4.2075,200.0
1199,Brazil (1985),Fantasy|Sci-Fi,4.177966101694915,59.0
1200,Aliens (1986),Action|Adventure|Horror|Sci-Fi,3.9642857142857144,126.0
1201,"Good, the Bad and the Ugly, The (Buono, il brutto, il cattivo, Il) (1966)",Action|Adventure|Western,4.145833333333333,72.0
1203,12 Angry Men (1957),Drama,4.149122807017544,57.0
1204,Lawrence of Arabia (1962),Adventure|Drama|War,4.3,45.0
1206,"Clockwork Orange, A (1971)",Crime|Drama|Sci-Fi|Thriller,3.995833333333333,120.0
1207,To Kill a Mockingbird (1962),Drama,4.120689655172414,58.0
1208,Apocalypse Now (1979),Action|Drama|War,4.219626168224299,107.0
1210,Star Wars: Episode VI - Return of the Jedi (1983),Action|Adventure|Sci-Fi,4.137755102040816,196.0
1213,Goodfellas (1990),Crime|Drama,4.25,126.0
1214,Alien (1979),Horror|Sci-Fi,3.969178082191781,146.0
1215,Army of Darkness (1993),Action|Adventure|Comedy|Fantasy|Horror,4.03921568627451,51.0
1219,Psycho (1960),Crime|Horror,4.036144578313253,83.0
1220,"Blues Brothers, The (1980)",Action|Comedy|Musical,3.8095238095238093,84.0
1221,"Godfather: Part II, The (1974)",Crime|Drama,4.25968992248062,129.0
1222,Full Metal Jacket (1987),Drama|War,4.098039215686274,102.0
1225,Amadeus (1984),Drama,4.184210526315789,76.0
1228,Raging Bull (1980),Drama,4.1875,40.0
1230,Annie Hall (1977),Comedy|Romance,3.8706896551724137,58.0
1233,"Boot, Das (Boat, The) (1981)",Action|Drama|War,4.2125,40.0
1234,"Sting, The (1973)",Comedy|Crime,3.9765625,64.0
1240,"Terminator, The (1984)",Action|Sci-Fi|Thriller,3.8969465648854964,131.0
1242,Glory (1989),Drama|War,4.170731707317073,41.0
1244,Manhattan (1979),Comedy|Drama|Romance,4.106060606060606,33.0
1246,Dead Poets Society (1989),Drama,3.9593023255813953,86.0
1247,"Graduate, The (1967)",Comedy|Drama|Romance,4.063291139240507,79.0
1249,"Femme Nikita, La (Nikita) (1990)",Action|Crime|Romance|Thriller,4.071428571428571,35.0
1250,"Bridge on the River Kwai, The (1957)",Adventure|Drama|War,4.122222222222222,45.0
1252,Chinatown (1974),Crime|Film-Noir|Mystery|Thriller,4.211864406779661,59.0
1258,"Shining, The (1980)",Horror,4.08256880733945,109.0
1259,Stand by Me (1986),Adventure|Drama,4.0054945054945055,91.0
1261,Evil Dead II (Dead by Dawn) (1987),Action|Comedy|Fantasy|Horror,4.044117647058823,34.0
1262,"Great Escape, The (1963)",Action|Adventure|Drama|War,4.127906976744186,43.0
1263,"Deer Hunter, The (1978)",Drama|War,3.8255813953488373,43.0
1265,Groundhog Day (1993),Comedy|Fantasy|Romance,3.944055944055944,143.0
1266,Unforgiven (1992),Drama|Western,4.111111111111111,45.0
1270,Back to the Future (1985),Adventure|Comedy|Sci-Fi,4.038011695906433,171.0
1272,Patton (1970),Drama|War,4.121212121212121,33.0
1274,Akira (1988),Action|Adventure|Animation|Sci-Fi,3.7435897435897436,39.0
1275,Highlander (1986),Action|Adventure|Fantasy,3.7291666666666665,48.0
1276,Cool Hand Luke (1967),Drama,4.271929824561403,57.0
1278,Young Frankenstein (1974),Comedy|Fantasy,3.9927536231884058,69.0
1282,Fantasia (1940),Animation|Children|Fantasy|Musical,3.7830188679245285,53.0
1285,Heathers (1989),Comedy,3.731707317073171,41.0
1287,Ben-Hur (1959),Action|Adventure|Drama,3.9411764705882355,34.0
1288,This Is Spinal Tap (1984),Comedy,4.015151515151516,66.0
1291,Indiana Jones and the Last Crusade (1989),Action|Adventure,4.046428571428572,140.0
1302,Field of Dreams (1989),Children|Drama|Fantasy,3.517857142857143,56.0
1304,Butch Cassidy and the Sundance Kid (1969),Action|Western,3.943548387096774,62.0
1307,When Harry Met Sally... (1989),Comedy|Romance,3.8588235294117648,85.0
1320,Alien³ (a.k.a. Alien 3) (1992),Action|Horror|Sci-Fi|Thriller,3.148936170212766,47.0
1333,"Birds, The (1963)",Horror|Thriller,3.602272727272727,44.0
1345,Carrie (1976),Drama|Fantasy|Horror|Thriller,3.3472222222222223,36.0
1356,Star Trek: First Contact (1996),Action|Adventure|Sci-Fi|Thriller,3.879120879120879,91.0
1358,Sling Blade (1996),Drama,3.8404255319148937,47.0
1367,101 Dalmatians (1996),Adventure|Children|Comedy,3.074468085106383,47.0
1370,Die Hard 2 (1990),Action|Adventure|Thriller,3.4044117647058822,68.0
1371,Star Trek: The Motion Picture (1979),Adventure|Sci-Fi,3.0444444444444443,45.0
1372,Star Trek VI: The Undiscovered Country (1991),Action|Mystery|Sci-Fi,3.3452380952380953,42.0
1374,Star Trek II: The Wrath of Khan (1982),Action|Adventure|Sci-Fi|Thriller,3.7661290322580645,62.0
1375,Star Trek III: The Search for Spock (1984),Action|Adventure|Sci-Fi,3.261904761904762,42.0
1376,Star Trek IV: The Voyage Home (1986),Adventure|Comedy|Sci-Fi,3.4767441860465116,43.0
1377,Batman Returns (1992),Action|Crime,3.025,60.0
1380,Grease (1978),Comedy|Musical|Romance,3.139705882352941,68.0
1387,Jaws (1975),Action|Horror,4.0054945054945055,91.0
1391,Mars Attacks! (1996),Action|Comedy|Sci-Fi,3.0930232558139537,86.0
1393,Jerry Maguire (1996),Drama|Romance,3.5941176470588236,85.0
1394,Raising Arizona (1987),Comedy,3.9913793103448274,58.0
1396,Sneakers (1992),Action|Comedy|Crime|Drama|Sci-Fi,3.4782608695652173,46.0
1405,Beavis and Butt-Head Do America (1996),Adventure|Animation|Comedy|Crime,2.935483870967742,31.0
1407,Scream (1996),Comedy|Horror|Mystery|Thriller,3.2,70.0
1408,"Last of the Mohicans, The (1992)",Action|Romance|War|Western,3.8333333333333335,39.0
1466,Donnie Brasco (1997),Crime|Drama,3.7403846153846154,52.0
1485,Liar Liar (1997),Comedy,3.0337837837837838,74.0
1500,Grosse Pointe Blank (1997),Comedy|Crime|Romance,3.610169491525424,59.0
1517,Austin Powers: International Man of Mystery (1997),Action|Adventure|Comedy,3.535,100.0
1527,"Fifth Element, The (1997)",Action|Adventure|Comedy|Sci-Fi,3.7456896551724137,116.0
1544,"Lost World: Jurassic Park, The (1997)",Action|Adventure|Sci-Fi|Thriller,2.753731343283582,67.0
1552,Con Air (1997),Action|Adventure|Thriller,3.0338983050847457,59.0
1562,Batman & Robin (1997),Action|Adventure|Fantasy|Thriller,2.2142857142857144,42.0
1566,Hercules (1997),Adventure|Animation|Children|Comedy|Musical,3.4516129032258065,31.0
1569,My Best Friend's Wedding (1997),Comedy|Romance,3.5,40.0
1573,Face/Off (1997),Action|Crime|Drama|Thriller,3.3701298701298703,77.0
1580,Men in Black (a.k.a. MIB) (1997),Action|Comedy|Sci-Fi,3.487878787878788,165.0
1584,Contact (1997),Drama|Sci-Fi,3.652439024390244,82.0
1587,Conan the Barbarian (1982),Action|Adventure|Fantasy,3.2580645161290325,31.0
1597,Conspiracy Theory (1997),Drama|Mystery|Romance|Thriller,2.941860465116279,43.0
1608,Air Force One (1997),Action|Thriller,3.3448275862068964,58.0
1610,"Hunt for Red October, The (1990)",Action|Adventure|Thriller,3.8722222222222222,90.0
1617,L.A. Confidential (1997),Crime|Film-Noir|Mystery|Thriller,4.061855670103093,97.0
1625,"Game, The (1997)",Drama|Mystery|Thriller,3.7012987012987013,77.0
1639,Chasing Amy (1997),Comedy|Drama|Romance,3.576923076923077,52.0
1641,"Full Monty, The (1997)",Comedy|Drama,3.7589285714285716,56.0
1644,I Know What You Did Last Summer (1997),Horror|Mystery|Thriller,2.109375,32.0
1645,The Devil's Advocate (1997),Drama|Mystery|Thriller,3.411764705882353,51.0
1653,Gattaca (1997),Drama|Sci-Fi|Thriller,3.953488372093023,86.0
1663,Stripes (1981),Comedy|War,3.7941176470588234,34.0
1673,Boogie Nights (1997),Drama,4.076923076923077,39.0
1674,Witness (1985),Drama|Romance|Thriller,3.65,40.0
1676,Starship Troopers (1997),Action|Sci-Fi,3.33125,80.0
1682,"Truman Show, The (1998)",Comedy|Drama|Sci-Fi,3.812,125.0
1690,Alien: Resurrection (1997),Action|Horror|Sci-Fi,2.922222222222222,45.0
1704,Good Will Hunting (1997),Drama|Romance,4.078014184397163,141.0
1717,Scream 2 (1997),Comedy|Horror|Mystery|Thriller,2.9193548387096775,31.0
1721,Titanic (1997),Drama|Romance,3.414285714285714,140.0
1722,Tomorrow Never Dies (1997),Action|Adventure|Thriller,3.066666666666667,45.0
1729,Jackie Brown (1997),Crime|Drama|Thriller,3.6979166666666665,48.0
1732,"Big Lebowski, The (1998)",Comedy|Crime,3.9245283018867925,106.0
1747,Wag the Dog (1997),Comedy,3.338709677419355,31.0
1748,Dark City (1998),Adventure|Film-Noir|Sci-Fi|Thriller,3.8229166666666665,48.0
1777,"Wedding Singer, The (1998)",Comedy|Romance,3.419642857142857,56.0
1784,As Good as It Gets (1997),Comedy|Drama|Romance,3.6979166666666665,96.0
1805,Wild Things (1998),Crime|Drama|Mystery|Thriller,3.0161290322580645,31.0
1876,Deep Impact (1998),Drama|Sci-Fi|Thriller,3.0697674418604652,43.0
1882,Godzilla (1998),Action|Sci-Fi|Thriller,1.9545454545454546,33.0
1884,Fear and Loathing in Las Vegas (1998),Adventure|Comedy|Drama,3.967391304347826,46.0
1907,Mulan (1998),Adventure|Animation|Children|Comedy|Drama|Musical|Romance,3.566666666666667,45.0
1909,"X-Files: Fight the Future, The (1998)",Action|Crime|Mystery|Sci-Fi|Thriller,3.4404761904761907,42.0
1911,Dr. Dolittle (1998),Comedy,2.609375,32.0
1912,Out of Sight (1998),Comedy|Crime|Drama|Romance|Thriller,3.859375,32.0
1917,Armageddon (1998),Action|Romance|Sci-Fi|Thriller,3.0543478260869565,92.0
1918,Lethal Weapon 4 (1998),Action|Comedy|Crime|Thriller,2.8484848484848486,33.0
1921,Pi (1998),Drama|Sci-Fi|Thriller,3.851063829787234,47.0
1923,There's Something About Mary (1998),Comedy|Romance,3.676190476190476,105.0
1947,West Side Story (1961),Drama|Musical|Romance,3.6029411764705883,34.0
1953,"French Connection, The (1971)",Action|Crime|Thriller,3.871794871794872,39.0
1954,Rocky (1976),Drama,3.828125,64.0
1961,Rain Man (1988),Drama,3.8072916666666665,96.0
1967,Labyrinth (1986),Adventure|Fantasy|Musical,3.8214285714285716,42.0
1968,"Breakfast Club, The (1985)",Comedy|Drama,3.7787610619469025,113.0
1994,Poltergeist (1982),Horror|Thriller,3.425531914893617,47.0
1997,"Exorcist, The (1973)",Horror|Mystery,3.80188679245283,53.0
2000,Lethal Weapon (1987),Action|Comedy|Crime|Drama,3.6733333333333333,75.0
2001,Lethal Weapon 2 (1989),Action|Comedy|Crime|Drama,3.1808510638297873,47.0
2002,Lethal Weapon 3 (1992),Action|Comedy|Crime|Drama,2.9347826086956523,46.0
2003,Gremlins (1984),Comedy|Horror,3.3780487804878048,41.0
2005,"Goonies, The (1985)",Action|Adventure|Children|Comedy|Fantasy,3.5701754385964914,57.0
2006,"Mask of Zorro, The (1998)",Action|Comedy|Romance,3.1,60.0
2011,Back to the Future Part II (1989),Adventure|Comedy|Sci-Fi,3.5057471264367814,87.0
2012,Back to the Future Part III (1990),Adventure|Comedy|Sci-Fi|Western,3.3693181818181817,88.0
2018,Bambi (1942),Animation|Children|Drama,3.3684210526315788,38.0
2019,Seven Samurai (Shichinin no samurai) (1954),Action|Adventure|Drama,4.1875,48.0
2021,Dune (1984),Adventure|Sci-Fi,3.4324324324324325,37.0
2023,"Godfather: Part III, The (1990)",Crime|Drama|Mystery|Thriller,3.3555555555555556,45.0
2028,Saving Private Ryan (1998),Action|Drama|War,4.1462765957446805,188.0
2054,"Honey, I Shrunk the Kids (1989)",Adventure|Children|Comedy|Fantasy|Sci-Fi,2.7573529411764706,68.0
2064,Roger & Me (1989),Documentary,3.838709677419355,31.0
2076,Blue Velvet (1986),Drama|Mystery|Thriller,3.9456521739130435,46.0
2078,"Jungle Book, The (1967)",Animation|Children|Comedy|Musical,3.830188679245283,53.0
2080,Lady and the Tramp (1955),Animation|Children|Comedy|Romance,3.4,55.0
2081,"Little Mermaid, The (1989)",Animation|Children|Comedy|Musical|Romance,3.425373134328358,67.0
2085,101 Dalmatians (One Hundred and One Dalmatians) (1961),Adventure|Animation|Children,3.4318181818181817,44.0
2087,Peter Pan (1953),Animation|Children|Fantasy|Musical,3.573170731707317,41.0
2094,"Rocketeer, The (1991)",Action|Adventure|Sci-Fi,3.2564102564102564,39.0
2100,Splash (1984),Comedy|Fantasy|Romance,3.1176470588235294,51.0
2105,Tron (1982),Action|Adventure|Sci-Fi,3.34,50.0
2115,Indiana Jones and the Temple of Doom (1984),Action|Adventure|Fantasy,3.638888888888889,108.0
2124,"Addams Family, The (1991)",Children|Comedy|Fantasy,3.289473684210526,38.0
2140,"Dark Crystal, The (1982)",Adventure|Fantasy,3.5441176470588234,34.0
2144,Sixteen Candles (1984),Comedy|Romance,3.6020408163265305,49.0
2145,Pretty in Pink (1986),Comedy|Drama|Romance,3.242424242424242,33.0
2160,Rosemary's Baby (1968),Drama|Horror|Thriller,4.171875,32.0
2161,"NeverEnding Story, The (1984)",Adventure|Children|Fantasy,3.5813953488372094,43.0
2167,Blade (1998),Action|Horror|Thriller,3.3620689655172415,58.0
2174,Beetlejuice (1988),Comedy|Fantasy,3.4725274725274726,91.0
2193,Willow (1988),Action|Adventure|Fantasy,3.3375,40.0
2194,"Untouchables, The (1987)",Action|Crime|Drama,3.9384615384615387,65.0
2231,Rounders (1998),Drama,3.861111111111111,36.0
2248,Say Anything... (1989),Comedy|Drama|Romance,3.923076923076923,39.0
2268,"Few Good Men, A (1992)",Crime|Drama|Thriller,3.789473684210526,57.0
2273,Rush Hour (1998),Action|Comedy|Crime|Thriller,3.261904761904762,42.0
2278,Ronin (1998),Action|Crime|Thriller,3.5232558139534884,43.0
2288,"Thing, The (1982)",Action|Horror|Sci-Fi|Thriller,3.933333333333333,45.0
2289,"Player, The (1992)",Comedy|Crime|Drama,3.9473684210526314,38.0
2291,Edward Scissorhands (1990),Drama|Fantasy|Romance,3.7,80.0
2294,Antz (1998),Adventure|Animation|Children|Comedy|Fantasy,3.2444444444444445,45.0
2300,"Producers, The (1968)",Comedy,3.9696969696969697,33.0
2302,My Cousin Vinny (1992),Comedy,3.26271186440678,59.0
2321,Pleasantville (1998),Comedy|Drama|Fantasy,3.4836065573770494,61.0
2324,Life Is Beautiful (La Vita è bella) (1997),Comedy|Drama|Romance|War,4.1477272727272725,88.0
2329,American History X (1998),Crime|Drama,4.217054263565892,129.0
2353,Enemy of the State (1998),Action|Thriller,3.4925373134328357,67.0
2355,"Bug's Life, A (1998)",Adventure|Animation|Children|Comedy,3.516304347826087,92.0
2393,Star Trek: Insurrection (1998),Action|Drama|Romance|Sci-Fi,3.1515151515151514,33.0
2395,Rushmore (1998),Comedy|Drama,3.544642857142857,56.0
2396,Shakespeare in Love (1998),Comedy|Drama|Romance,3.777173913043478,92.0
2406,Romancing the Stone (1984),Action|Adventure|Comedy|Romance,3.4537037037037037,54.0
2407,Cocoon (1985),Comedy|Sci-Fi,3.2674418604651163,43.0
2420,"Karate Kid, The (1984)",Drama,3.5657894736842106,38.0
2424,You've Got Mail (1998),Comedy|Romance,3.12,50.0
2427,"Thin Red Line, The (1998)",Action|Drama|War,3.3,35.0
2455,"Fly, The (1986)",Drama|Horror|Sci-Fi|Thriller,3.383720930232558,43.0
2470,Crocodile Dundee (1986),Adventure|Comedy,3.175438596491228,57.0
2490,Payback (1999),Action|Thriller,3.422222222222222,45.0
2502,Office Space (1999),Comedy|Crime,4.090425531914893,94.0
2529,Planet of the Apes (1968),Action|Drama|Sci-Fi,3.8035714285714284,56.0
2539,Analyze This (1999),Comedy,3.095744680851064,47.0
2541,Cruel Intentions (1999),Drama,3.225,40.0
2542,"Lock, Stock & Two Smoking Barrels (1998)",Comedy|Crime|Thriller,4.052238805970149,67.0
2571,"Matrix, The (1999)",Action|Sci-Fi|Thriller,4.192446043165468,278.0
2572,10 Things I Hate About You (1999),Comedy|Romance,3.5277777777777777,54.0
2580,Go (1999),Comedy|Crime,3.9615384615384617,39.0
2581,Never Been Kissed (1999),Comedy|Romance,2.9583333333333335,36.0
2599,Election (1999),Comedy,3.6607142857142856,56.0
2605,Entrapment (1999),Crime|Thriller,2.988372093023256,43.0
2617,"Mummy, The (1999)",Action|Adventure|Comedy|Fantasy|Horror|Thriller,3.1206896551724137,87.0
2628,Star Wars: Episode I - The Phantom Menace (1999),Action|Adventure|Sci-Fi,3.107142857142857,140.0
2640,Superman (1978),Action|Adventure|Sci-Fi,3.6065573770491803,61.0
2641,Superman II (1980),Action|Sci-Fi,3.020408163265306,49.0
2657,"Rocky Horror Picture Show, The (1975)",Comedy|Horror|Musical|Sci-Fi,3.3412698412698414,63.0
2671,Notting Hill (1999),Comedy|Romance,3.455357142857143,56.0
2683,Austin Powers: The Spy Who Shagged Me (1999),Action|Adventure|Comedy,3.1983471074380163,121.0
2692,Run Lola Run (Lola rennt) (1998),Action|Crime,4.0,75.0
2694,Big Daddy (1999),Comedy,3.1979166666666665,48.0
2699,Arachnophobia (1990),Comedy|Horror,2.811320754716981,53.0
2700,"South Park: Bigger, Longer and Uncut (1999)",Animation|Comedy|Musical,3.861842105263158,76.0
2701,Wild Wild West (1999),Action|Comedy|Sci-Fi|Western,2.207547169811321,53.0
2706,American Pie (1999),Comedy|Romance,3.378640776699029,103.0
2710,"Blair Witch Project, The (1999)",Drama|Horror|Thriller,2.796875,64.0
2712,Eyes Wide Shut (1999),Drama|Mystery|Thriller,3.4622641509433962,53.0
2716,Ghostbusters (a.k.a. Ghost Busters) (1984),Action|Comedy|Sci-Fi,3.775,120.0
2717,Ghostbusters II (1989),Comedy|Fantasy|Sci-Fi,3.0,47.0
2723,Mystery Men (1999),Action|Comedy|Fantasy,3.08974358974359,39.0
2724,Runaway Bride (1999),Comedy|Romance,2.8333333333333335,42.0
2746,Little Shop of Horrors (1986),Comedy|Horror|Musical,3.3333333333333335,39.0
2761,"Iron Giant, The (1999)",Adventure|Animation|Children|Drama|Sci-Fi,4.051282051282051,39.0
2762,"Sixth Sense, The (1999)",Drama|Horror|Mystery,3.893854748603352,179.0
2763,"Thomas Crown Affair, The (1999)",Action|Mystery,3.6458333333333335,48.0
2770,Bowfinger (1999),Comedy,2.960526315789474,38.0
2791,Airplane! (1980),Comedy,3.8563218390804597,87.0
2797,Big (1988),Comedy|Drama|Fantasy|Romance,3.71978021978022,91.0
2804,"Christmas Story, A (1983)",Children|Comedy,3.9727272727272727,55.0
2858,American Beauty (1999),Drama|Romance,4.056372549019608,204.0
2890,Three Kings (1999),Action|Adventure|Comedy|Drama|War,3.7111111111111112,45.0
2908,Boys Don't Cry (1999),Drama,3.551282051282051,39.0
2915,Risky Business (1983),Comedy,3.4404761904761907,42.0
2916,Total Recall (1990),Action|Adventure|Sci-Fi|Thriller,3.653409090909091,88.0
2918,Ferris Bueller's Day Off (1986),Comedy,3.8394495412844036,109.0
2944,"Dirty Dozen, The (1967)",Action|Drama|War,3.96875,32.0
2947,Goldfinger (1964),Action|Adventure|Thriller,3.839622641509434,53.0
2948,From Russia with Love (1963),Action|Adventure|Thriller,3.75,36.0
2949,Dr. No (1962),Action|Adventure|Thriller,3.712121212121212,33.0
2951,"Fistful of Dollars, A (Per un pugno di dollari) (1964)",Action|Western,3.9358974358974357,39.0
2953,Home Alone 2: Lost in New York (1992),Children|Comedy,2.5161290322580645,31.0
2959,Fight Club (1999),Action|Crime|Drama|Thriller,4.272935779816514,218.0
2968,Time Bandits (1981),Adventure|Comedy|Fantasy|Sci-Fi,3.731707317073171,41.0
2985,RoboCop (1987),Action|Crime|Drama|Sci-Fi|Thriller,3.3714285714285714,70.0
2987,Who Framed Roger Rabbit? (1988),Adventure|Animation|Children|Comedy|Crime|Fantasy|Mystery,3.5721649484536084,97.0
2997,Being John Malkovich (1999),Comedy|Drama|Fantasy,3.9545454545454546,99.0
3000,Princess Mononoke (Mononoke-hime) (1997),Action|Adventure|Animation|Drama|Fantasy,3.9583333333333335,48.0
3006,"Insider, The (1999)",Drama|Thriller,3.7419354838709675,31.0
3033,Spaceballs (1987),Comedy|Sci-Fi,3.483050847457627,59.0
3034,Robin Hood (1973),Adventure|Animation|Children|Comedy|Musical,3.513888888888889,36.0
3039,Trading Places (1983),Comedy,3.730769230769231,39.0
3052,Dogma (1999),Adventure|Comedy|Fantasy,3.6455696202531644,79.0
3081,Sleepy Hollow (1999),Fantasy|Horror|Mystery|Romance,3.475806451612903,62.0
3082,"World Is Not Enough, The (1999)",Action|Adventure|Thriller,3.3333333333333335,39.0
3101,Fatal Attraction (1987),Drama|Thriller,3.0972222222222223,36.0
3108,"Fisher King, The (1991)",Comedy|Drama|Fantasy|Romance,3.8055555555555554,36.0
3114,Toy Story 2 (1999),Adventure|Animation|Children|Comedy|Fantasy,3.8608247422680413,97.0
3147,"Green Mile, The (1999)",Crime|Drama,4.148648648648648,111.0
3160,Magnolia (1999),Drama,3.7115384615384617,52.0
3174,Man on the Moon (1999),Comedy|Drama,3.4871794871794872,39.0
3175,Galaxy Quest (1999),Adventure|Comedy|Sci-Fi,3.58,75.0
3176,"Talented Mr. Ripley, The (1999)",Drama|Mystery|Thriller,3.336734693877551,49.0
3210,Fast Times at Ridgemont High (1982),Comedy|Drama|Romance,3.4761904761904763,42.0
3247,Sister Act (1992),Comedy|Crime,3.0277777777777777,36.0
3253,Wayne's World (1992),Comedy,3.4754098360655736,61.0
3255,"League of Their Own, A (1992)",Comedy|Drama,3.466666666666667,45.0
3256,Patriot Games (1992),Action|Crime|Drama|Thriller,3.5161290322580645,31.0
3257,"Bodyguard, The (1992)",Drama|Romance|Thriller,2.859375,32.0
3275,"Boondock Saints, The (2000)",Action|Crime|Drama|Thriller,4.22093023255814,43.0
3285,"Beach, The (2000)",Adventure|Drama,3.0625,32.0
3300,Pitch Black (2000),Horror|Sci-Fi|Thriller,3.5641025641025643,39.0
3301,"Whole Nine Yards, The (2000)",Comedy|Crime,3.5238095238095237,42.0
3361,Bull Durham (1988),Comedy|Drama|Romance,3.6714285714285713,35.0
3362,Dog Day Afternoon (1975),Crime|Drama,3.9342105263157894,38.0
3363,American Graffiti (1973),Comedy|Drama,3.8488372093023258,43.0
3386,JFK (1991),Drama|Mystery|Thriller,3.5,31.0
3396,"Muppet Movie, The (1979)",Adventure|Children|Comedy|Musical,3.590909090909091,33.0
3408,Erin Brockovich (2000),Drama,3.5285714285714285,70.0
3409,Final Destination (2000),Drama|Thriller,2.9285714285714284,35.0
3418,Thelma & Louise (1991),Adventure|Crime|Drama,3.4634146341463414,41.0
3421,Animal House (1978),Comedy,3.693548387096774,62.0
3448,"Good Morning, Vietnam (1987)",Comedy|Drama|War,3.802325581395349,43.0
3471,Close Encounters of the Third Kind (1977),Adventure|Drama|Sci-Fi,3.7416666666666667,60.0
3481,High Fidelity (2000),Comedy|Drama|Romance,3.6666666666666665,75.0
3489,Hook (1991),Adventure|Comedy|Fantasy,3.358490566037736,53.0
3499,Misery (1990),Drama|Horror|Thriller,3.840909090909091,44.0
3510,Frequency (2000),Drama|Thriller,3.4166666666666665,36.0
3527,Predator (1987),Action|Sci-Fi|Thriller,3.581967213114754,61.0
3535,American Psycho (2000),Crime|Horror|Mystery|Thriller,3.788135593220339,59.0
3552,Caddyshack (1980),Comedy,3.826923076923077,52.0
3555,U-571 (2000),Action|Thriller|War,3.4242424242424243,33.0
3578,Gladiator (2000),Action|Adventure|Drama,3.9382352941176473,170.0
3617,Road Trip (2000),Comedy,3.0853658536585367,41.0
3623,Mission: Impossible II (2000),Action|Adventure|Thriller,2.7142857142857144,77.0
3624,Shanghai Noon (2000),Action|Adventure|Comedy|Western,3.1511627906976742,43.0
3671,Blazing Saddles (1974),Comedy|Western,3.935483870967742,62.0
3681,For a Few Dollars More (Per qualche dollaro in più) (1965),Action|Drama|Thriller|Western,4.151515151515151,33.0
3698,"Running Man, The (1987)",Action|Sci-Fi,3.2205882352941178,34.0
3702,Mad Max (1979),Action|Adventure|Sci-Fi,3.486842105263158,38.0
3703,"Road Warrior, The (Mad Max 2) (1981)",Action|Adventure|Sci-Fi|Thriller,4.0375,40.0
3717,Gone in 60 Seconds (2000),Action|Crime,3.221311475409836,61.0
3751,Chicken Run (2000),Animation|Children|Comedy,3.551282051282051,78.0
3752,"Me, Myself & Irene (2000)",Adventure|Comedy,3.0869565217391304,46.0
3753,"Patriot, The (2000)",Action|Drama|War,3.448529411764706,68.0
3755,"Perfect Storm, The (2000)",Drama|Thriller,3.1704545454545454,44.0
3785,Scary Movie (2000),Comedy|Horror,2.92,50.0
3793,X-Men (2000),Action|Adventure|Sci-Fi,3.699248120300752,133.0
3809,What About Bob? (1991),Comedy,3.2714285714285714,35.0
3826,Hollow Man (2000),Horror|Sci-Fi|Thriller,2.2948717948717947,39.0
3863,"Cell, The (2000)",Drama|Horror|Thriller,3.0444444444444443,45.0
3868,"Naked Gun: From the Files of Police Squad!, The (1988)",Action|Comedy|Crime|Romance,3.4047619047619047,42.0
3882,Bring It On (2000),Comedy,2.6911764705882355,34.0
3897,Almost Famous (2000),Drama,3.8674698795180724,83.0
3911,Best in Show (2000),Comedy,3.688679245283019,53.0
3916,Remember the Titans (2000),Drama,3.7439024390243905,41.0
3948,Meet the Parents (2000),Comedy,3.4175824175824174,91.0
3949,Requiem for a Dream (2000),Drama,3.921875,96.0
3967,Billy Elliot (2000),Drama,3.8513513513513513,37.0
3977,Charlie's Angels (2000),Action|Comedy,2.7222222222222223,72.0
3988,How the Grinch Stole Christmas (a.k.a. The Grinch) (2000),Children|Comedy|Fantasy,3.0454545454545454,33.0
3994,Unbreakable (2000),Drama|Sci-Fi,3.4794520547945207,73.0
3996,"Crouching Tiger, Hidden Dragon (Wo hu cang long) (2000)",Action|Drama|Romance,3.8363636363636364,110.0
4011,Snatch (2000),Comedy|Crime|Thriller,4.155913978494624,93.0
4014,Chocolat (2000),Drama|Romance,3.521276595744681,47.0
4015,"Dude, Where's My Car? (2000)",Comedy|Sci-Fi,2.727272727272727,33.0
4016,"Emperor's New Groove, The (2000)",Adventure|Animation|Children|Comedy|Fantasy,3.7162162162162162,37.0
4018,What Women Want (2000),Comedy|Romance,3.138888888888889,54.0
4022,Cast Away (2000),Drama,3.7,100.0
4025,Miss Congeniality (2000),Comedy|Crime,3.0546875,64.0
4027,"O Brother, Where Art Thou? (2000)",Adventure|Comedy|Crime,3.8085106382978724,94.0
4034,Traffic (2000),Crime|Drama|Thriller,3.9,70.0
4085,Beverly Hills Cop (1984),Action|Comedy|Crime|Drama,3.402173913043478,46.0
4148,Hannibal (2001),Horror|Thriller,2.9358974358974357,39.0
4223,Enemy at the Gates (2001),Drama|War,3.5125,40.0
4226,Memento (2000),Mystery|Thriller,4.122641509433962,159.0
4239,Blow (2001),Crime|Drama,3.8137254901960786,51.0
4246,Bridget Jones's Diary (2001),Comedy|Drama|Romance,3.623076923076923,65.0
4262,Scarface (1983),Action|Crime|Drama,3.9328358208955225,67.0
4270,"Mummy Returns, The (2001)",Action|Adventure|Comedy|Thriller,3.088888888888889,45.0
4299,"Knight's Tale, A (2001)",Action|Comedy|Romance,3.341463414634146,41.0
4306,Shrek (2001),Adventure|Animation|Children|Comedy|Fantasy|Romance,3.8676470588235294,170.0
4308,Moulin Rouge (2001),Drama|Musical|Romance,3.590909090909091,55.0
4310,Pearl Harbor (2001),Action|Drama|Romance|War,2.9651162790697674,43.0
4321,City Slickers (1991),Comedy|Western,3.370967741935484,31.0
4344,Swordfish (2001),Action|Crime|Drama,3.1029411764705883,34.0
4361,Tootsie (1982),Comedy|Romance,3.421875,32.0
4367,Lara Croft: Tomb Raider (2001),Action|Adventure,2.9,40.0
4369,"Fast and the Furious, The (2001)",Action|Crime|Thriller,3.066666666666667,45.0
4370,A.I. Artificial Intelligence (2001),Adventure|Drama|Sci-Fi,3.3392857142857144,56.0
4446,Final Fantasy: The Spirits Within (2001),Adventure|Animation|Fantasy|Sci-Fi,3.3548387096774195,31.0
4447,Legally Blonde (2001),Comedy|Romance,3.15625,64.0
4571,Bill & Ted's Excellent Adventure (1989),Adventure|Comedy|Sci-Fi,3.7,45.0
4638,Jurassic Park III (2001),Action|Adventure|Sci-Fi|Thriller,2.8472222222222223,36.0
4641,Ghost World (2001),Comedy|Drama,3.5,34.0
4643,Planet of the Apes (2001),Action|Adventure|Drama|Sci-Fi,2.7448979591836733,49.0
4701,Rush Hour 2 (2001),Action|Comedy,3.370967741935484,31.0
4718,American Pie 2 (2001),Comedy,3.066666666666667,45.0
4720,"Others, The (2001)",Drama|Horror|Mystery|Thriller,3.6272727272727274,55.0
4734,Jay and Silent Bob Strike Back (2001),Adventure|Comedy,3.161764705882353,34.0
4776,Training Day (2001),Crime|Drama|Thriller,3.7941176470588234,51.0
4816,Zoolander (2001),Comedy,3.509259259259259,54.0
4848,Mulholland Drive (2001),Crime|Drama|Film-Noir|Mystery|Thriller,3.843137254901961,51.0
4874,K-PAX (2001),Drama|Fantasy|Mystery|Sci-Fi,3.484848484848485,33.0
4878,Donnie Darko (2001),Drama|Mystery|Sci-Fi|Thriller,3.981651376146789,109.0
4886,"Monsters, Inc. (2001)",Adventure|Animation|Children|Comedy|Fantasy,3.871212121212121,132.0
4890,Shallow Hal (2001),Comedy|Fantasy|Romance,3.032258064516129,31.0
4896,Harry Potter and the Sorcerer's Stone (a.k.a. Harry Potter and the Philosopher's Stone) (2001),Adventure|Children|Fantasy,3.7616822429906542,107.0
4963,Ocean's Eleven (2001),Crime|Thriller,3.8445378151260505,119.0
4973,"Amelie (Fabuleux destin d'Amélie Poulain, Le) (2001)",Comedy|Romance,4.183333333333334,120.0
4975,Vanilla Sky (2001),Mystery|Romance|Sci-Fi|Thriller,3.4204545454545454,44.0
4979,"Royal Tenenbaums, The (2001)",Comedy|Drama,3.6838235294117645,68.0
4993,"Lord of the Rings: The Fellowship of the Ring, The (2001)",Adventure|Fantasy,4.106060606060606,198.0
4995,"Beautiful Mind, A (2001)",Drama|Romance,4.0,123.0
5010,Black Hawk Down (2001),Action|Drama|War,3.81,50.0
5060,M*A*S*H (a.k.a. MASH) (1970),Comedy|Drama|War,3.9347826086956523,46.0
5064,The Count of Monte Cristo (2002),Action|Adventure|Drama|Thriller,3.828125,32.0
5218,Ice Age (2002),Adventure|Animation|Children|Comedy,3.6882352941176473,85.0
5254,Blade II (2002),Action|Horror|Thriller,3.2058823529411766,34.0
5266,Panic Room (2002),Thriller,3.0,37.0
5299,My Big Fat Greek Wedding (2002),Comedy|Romance,3.2666666666666666,60.0
5349,Spider-Man (2002),Action|Adventure|Sci-Fi|Thriller,3.540983606557377,122.0
5377,About a Boy (2002),Comedy|Drama|Romance,3.715909090909091,44.0
5378,Star Wars: Episode II - Attack of the Clones (2002),Action|Adventure|Sci-Fi|IMAX,3.157608695652174,92.0
5388,Insomnia (2002),Action|Crime|Drama|Mystery|Thriller,3.303030303030303,33.0
5418,"Bourne Identity, The (2002)",Action|Mystery|Thriller,3.8169642857142856,112.0
5445,Minority Report (2002),Action|Crime|Mystery|Sci-Fi|Thriller,3.6375,120.0
5459,Men in Black II (a.k.a. MIIB) (a.k.a. MIB 2) (2002),Action|Comedy|Sci-Fi,2.959016393442623,61.0
5464,Road to Perdition (2002),Crime|Drama,3.520408163265306,49.0
5481,Austin Powers in Goldmember (2002),Comedy,2.8461538461538463,65.0
5502,Signs (2002),Horror|Sci-Fi|Thriller,3.1666666666666665,63.0
5618,Spirited Away (Sen to Chihiro no kamikakushi) (2001),Adventure|Animation|Fantasy,4.155172413793103,87.0
5630,Red Dragon (2002),Crime|Mystery|Thriller,3.435483870967742,31.0
5669,Bowling for Columbine (2002),Documentary,3.7758620689655173,58.0
5673,Punch-Drunk Love (2002),Comedy|Drama|Romance,3.621212121212121,33.0
5679,"Ring, The (2002)",Horror|Mystery|Thriller,3.202127659574468,47.0
5810,8 Mile (2002),Drama,3.292682926829268,41.0
5816,Harry Potter and the Chamber of Secrets (2002),Adventure|Fantasy,3.5980392156862746,102.0
5902,Adaptation (2002),Comedy|Drama|Romance,3.9456521739130435,46.0
5903,Equilibrium (2002),Action|Sci-Fi|Thriller,3.875,44.0
5952,"Lord of the Rings: The Two Towers, The (2002)",Adventure|Fantasy,4.0212765957446805,188.0
5956,Gangs of New York (2002),Crime|Drama,3.518181818181818,55.0
5971,My Neighbor Totoro (Tonari no Totoro) (1988),Animation|Children|Drama|Fantasy,3.9594594594594597,37.0
5989,Catch Me If You Can (2002),Crime|Drama,3.9217391304347826,115.0
5991,Chicago (2002),Comedy|Crime|Drama|Musical,3.7244897959183674,49.0
5995,"Pianist, The (2002)",Drama|War,4.108695652173913,46.0
6016,City of God (Cidade de Deus) (2002),Action|Adventure|Crime|Drama|Thriller,4.1466666666666665,75.0
6157,Daredevil (2003),Action|Crime,2.5,32.0
6188,Old School (2003),Comedy,3.5128205128205128,39.0
6218,Bend It Like Beckham (2002),Comedy|Drama|Romance,3.3,40.0
6281,Phone Booth (2002),Drama|Thriller,3.140625,32.0
6287,Anger Management (2003),Comedy,3.0588235294117645,34.0
6333,X2: X-Men United (2003),Action|Adventure|Sci-Fi|Thriller,3.723684210526316,76.0
6365,"Matrix Reloaded, The (2003)",Action|Adventure|Sci-Fi|Thriller|IMAX,3.3541666666666665,96.0
6373,Bruce Almighty (2003),Comedy|Drama|Fantasy|Romance,3.316901408450704,71.0
6377,Finding Nemo (2003),Adventure|Animation|Children|Comedy,3.9609929078014185,141.0
6378,"Italian Job, The (2003)",Action|Crime,3.6186440677966103,59.0
6502,28 Days Later (2002),Action|Horror|Sci-Fi,3.9741379310344827,58.0
6534,Hulk (2003),Action|Adventure|Sci-Fi,2.5606060606060606,33.0
6537,Terminator 3: Rise of the Machines (2003),Action|Adventure|Sci-Fi,3.0444444444444443,45.0
6539,Pirates of the Caribbean: The Curse of the Black Pearl (2003),Action|Adventure|Comedy|Fantasy,3.778523489932886,149.0
6541,"League of Extraordinary Gentlemen, The (a.k.a. LXG) (2003)",Action|Fantasy|Sci-Fi,2.625,32.0
6708,Matchstick Men (2003),Comedy|Crime|Drama,3.7205882352941178,34.0
6711,Lost in Translation (2003),Comedy|Drama|Romance,4.033783783783784,74.0
6754,Underworld (2003),Action|Fantasy|Horror,3.5,33.0
6807,Monty Python's The Meaning of Life (1983),Comedy,3.95,40.0
6863,School of Rock (2003),Comedy|Musical,3.4015151515151514,66.0
6870,Mystic River (2003),Crime|Drama|Mystery,3.7115384615384617,52.0
6874,Kill Bill: Vol. 1 (2003),Action|Crime|Thriller,3.9618320610687023,131.0
6934,"Matrix Revolutions, The (2003)",Action|Adventure|Sci-Fi|Thriller|IMAX,3.151898734177215,79.0
6936,Elf (2003),Children|Comedy|Fantasy,3.6923076923076925,39.0
6942,Love Actually (2003),Comedy|Drama|Romance,3.788135593220339,59.0
6947,Master and Commander: The Far Side of the World (2003),Adventure|Drama|War,3.638888888888889,36.0
7090,Hero (Ying xiong) (2002),Action|Adventure|Drama,3.9210526315789473,38.0
7143,"Last Samurai, The (2003)",Action|Adventure|Drama|War,3.903225806451613,62.0
7147,Big Fish (2003),Drama|Fantasy|Romance,3.8333333333333335,69.0
7153,"Lord of the Rings: The Return of the King, The (2003)",Action|Adventure|Drama|Fantasy,4.118918918918919,185.0
7254,The Butterfly Effect (2004),Drama|Sci-Fi|Thriller,3.630434782608696,46.0
7293,50 First Dates (2004),Comedy|Romance,3.5531914893617023,47.0
7361,Eternal Sunshine of the Spotless Mind (2004),Drama|Romance|Sci-Fi,4.1603053435114505,131.0
7373,Hellboy (2004),Action|Adventure|Fantasy|Horror,3.3780487804878048,41.0
7438,Kill Bill: Vol. 2 (2004),Action|Drama|Thriller,3.868181818181818,110.0
7445,Man on Fire (2004),Action|Crime|Drama|Mystery|Thriller,3.6285714285714286,35.0
7451,Mean Girls (2004),Comedy,3.7564102564102564,39.0
7458,Troy (2004),Action|Adventure|Drama|War,3.4270833333333335,48.0
8360,Shrek 2 (2004),Adventure|Animation|Children|Comedy|Musical|Romance,3.5760869565217392,92.0
8361,"Day After Tomorrow, The (2004)",Action|Adventure|Drama|Sci-Fi|Thriller,3.05,50.0
8368,Harry Potter and the Prisoner of Azkaban (2004),Adventure|Fantasy|IMAX,3.913978494623656,93.0
8376,Napoleon Dynamite (2004),Comedy,3.324324324324324,37.0
8464,Super Size Me (2004),Comedy|Documentary|Drama,3.51,50.0
8528,Dodgeball: A True Underdog Story (2004),Comedy,3.551282051282051,39.0
8529,"Terminal, The (2004)",Comedy|Drama|Romance,3.3191489361702127,47.0
8533,"Notebook, The (2004)",Drama|Romance,3.5657894736842106,38.0
8622,Fahrenheit 9/11 (2004),Documentary,3.4864864864864864,37.0
8636,Spider-Man 2 (2004),Action|Adventure|Sci-Fi|IMAX,3.8037974683544302,79.0
8641,Anchorman: The Legend of Ron Burgundy (2004),Comedy,3.7719298245614037,57.0
8644,"I, Robot (2004)",Action|Adventure|Sci-Fi|Thriller,3.4918032786885247,61.0
8665,"Bourne Supremacy, The (2004)",Action|Crime|Thriller,3.7866666666666666,75.0
8784,Garden State (2004),Comedy|Drama|Romance,3.7083333333333335,48.0
8798,Collateral (2004),Action|Crime|Drama|Thriller,3.7613636363636362,44.0
8807,Harold and Kumar Go to White Castle (2004),Adventure|Comedy,3.4558823529411766,34.0
8874,Shaun of the Dead (2004),Comedy|Horror,4.0064935064935066,77.0
8917,Team America: World Police (2004),Action|Adventure|Animation|Comedy,3.46875,32.0
8949,Sideways (2004),Comedy|Drama|Romance,3.7435897435897436,39.0
8950,The Machinist (2004),Drama|Mystery|Thriller,3.986842105263158,38.0
8957,Saw (2004),Horror|Mystery|Thriller,3.1818181818181817,33.0
8961,"Incredibles, The (2004)",Action|Adventure|Animation|Children|Comedy,3.836,125.0
8970,Finding Neverland (2004),Drama,3.609375,32.0
8972,National Treasure (2004),Action|Adventure|Drama|Mystery|Thriller,3.263157894736842,38.0
8984,Ocean's Twelve (2004),Action|Comedy|Crime|Thriller,3.2906976744186047,43.0
27773,Old Boy (2003),Mystery|Thriller,4.089743589743589,39.0
30707,Million Dollar Baby (2004),Drama,3.8461538461538463,52.0
30749,Hotel Rwanda (2004),Drama|War,3.7916666666666665,48.0
30793,Charlie and the Chocolate Factory (2005),Adventure|Children|Comedy|Fantasy|IMAX,3.0,61.0
30810,"Life Aquatic with Steve Zissou, The (2004)",Adventure|Comedy|Fantasy,3.4864864864864864,37.0
30812,"Aviator, The (2004)",Drama,3.5285714285714285,35.0
30825,Meet the Fockers (2004),Comedy,3.106060606060606,33.0
31658,Howl's Moving Castle (Hauru no ugoku shiro) (2004),Adventure|Animation|Fantasy|Romance,4.075,40.0
31685,Hitch (2005),Comedy|Romance,3.1666666666666665,45.0
31696,Constantine (2005),Action|Fantasy|Horror|Thriller,3.4714285714285715,35.0
32587,Sin City (2005),Action|Crime|Film-Noir|Mystery|Thriller,3.857142857142857,84.0
33004,"Hitchhiker's Guide to the Galaxy, The (2005)",Adventure|Comedy|Sci-Fi,3.4204545454545454,44.0
33166,Crash (2004),Crime|Drama,3.89,50.0
33493,Star Wars: Episode III - Revenge of the Sith (2005),Action|Adventure|Sci-Fi,3.4294871794871793,78.0
33615,Madagascar (2005),Adventure|Animation|Children|Comedy,3.375,40.0
33679,Mr. & Mrs. Smith (2005),Action|Adventure|Comedy|Romance,3.2796610169491527,59.0
33794,Batman Begins (2005),Action|Crime|IMAX,3.8620689655172415,116.0
34048,War of the Worlds (2005),Action|Adventure|Sci-Fi|Thriller,3.15,50.0
34150,Fantastic Four (2005),Action|Adventure|Sci-Fi,2.763888888888889,36.0
34162,Wedding Crashers (2005),Comedy|Romance,3.5086206896551726,58.0
34319,"Island, The (2005)",Action|Sci-Fi|Thriller,3.3548387096774195,31.0
34405,Serenity (2005),Action|Adventure|Sci-Fi,3.94,50.0
35836,"40-Year-Old Virgin, The (2005)",Comedy|Romance,3.5472972972972974,74.0
36529,Lord of War (2005),Action|Crime|Drama|Thriller|War,3.7142857142857144,35.0
37729,Corpse Bride (2005),Animation|Comedy|Fantasy|Musical|Romance,3.534090909090909,44.0
38061,Kiss Kiss Bang Bang (2005),Comedy|Crime|Mystery|Thriller,4.071428571428571,35.0
39183,Brokeback Mountain (2005),Drama|Romance,3.5588235294117645,34.0
40815,Harry Potter and the Goblet of Fire (2005),Adventure|Fantasy|Thriller|IMAX,3.816901408450704,71.0
40819,Walk the Line (2005),Drama|Musical|Romance,3.7564102564102564,39.0
41566,"Chronicles of Narnia: The Lion, the Witch and the Wardrobe, The (2005)",Adventure|Children|Fantasy,3.443548387096774,62.0
41569,King Kong (2005),Action|Adventure|Drama|Fantasy|Thriller,3.4,40.0
44191,V for Vendetta (2006),Action|Sci-Fi|Thriller|IMAX,3.885,100.0
44195,Thank You for Smoking (2006),Comedy|Drama,4.027777777777778,36.0
44199,Inside Man (2006),Crime|Drama|Thriller,3.8,40.0
44555,"Lives of Others, The (Das leben der Anderen) (2006)",Drama|Romance|Thriller,4.117647058823529,34.0
44665,Lucky Number Slevin (2006),Crime|Drama|Mystery,3.8552631578947367,38.0
45447,"Da Vinci Code, The (2006)",Drama|Mystery|Thriller,3.122448979591837,49.0
45499,X-Men: The Last Stand (2006),Action|Sci-Fi|Thriller,3.355769230769231,52.0
45517,Cars (2006),Animation|Children|Comedy,3.3780487804878048,41.0
45720,"Devil Wears Prada, The (2006)",Comedy|Drama,3.5588235294117645,34.0
45722,Pirates of the Caribbean: Dead Man's Chest (2006),Action|Adventure|Fantasy,3.5069444444444446,72.0
46578,Little Miss Sunshine (2006),Adventure|Comedy|Drama,3.883116883116883,77.0
46723,Babel (2006),Drama|Thriller,3.5,31.0
46976,Stranger than Fiction (2006),Comedy|Drama|Fantasy|Romance,3.6931818181818183,44.0
47099,"Pursuit of Happyness, The (2006)",Drama,3.7934782608695654,46.0
47610,"Illusionist, The (2006)",Drama|Fantasy|Mystery|Romance,3.7790697674418605,43.0
48385,Borat: Cultural Learnings of America for Make Benefit Glorious Nation of Kazakhstan (2006),Comedy,3.3461538461538463,65.0
48394,"Pan's Labyrinth (Laberinto del fauno, El) (2006)",Drama|Fantasy|Thriller,3.814814814814815,81.0
48516,"Departed, The (2006)",Crime|Drama|Thriller,4.252336448598131,107.0
48774,Children of Men (2006),Action|Adventure|Drama|Sci-Fi|Thriller,3.9453125,64.0
48780,"Prestige, The (2006)",Drama|Mystery|Sci-Fi|Thriller,4.0055555555555555,90.0
49272,Casino Royale (2006),Action|Adventure|Thriller,3.9444444444444446,81.0
49530,Blood Diamond (2006),Action|Adventure|Crime|Drama|Thriller|War,3.7641509433962264,53.0
50872,Ratatouille (2007),Animation|Children|Drama,3.8680555555555554,72.0
51255,Hot Fuzz (2007),Action|Comedy|Crime|Mystery,4.0,61.0
51540,Zodiac (2007),Crime|Drama|Thriller,3.710526315789474,38.0
51662,300 (2007),Action|Fantasy|War|IMAX,3.68125,80.0
52722,Spider-Man 3 (2007),Action|Adventure|Sci-Fi|Thriller|IMAX,3.0,44.0
52973,Knocked Up (2007),Comedy|Drama|Romance,3.6538461538461537,52.0
53125,Pirates of the Caribbean: At World's End (2007),Action|Adventure|Comedy|Fantasy,3.4375,56.0
53322,Ocean's Thirteen (2007),Crime|Thriller,3.484848484848485,33.0
53972,Live Free or Die Hard (2007),Action|Adventure|Crime|Thriller,3.40625,32.0
53996,Transformers (2007),Action|Sci-Fi|Thriller|IMAX,3.3461538461538463,39.0
54001,Harry Potter and the Order of the Phoenix (2007),Adventure|Drama|Fantasy|IMAX,3.8620689655172415,58.0
54259,Stardust (2007),Adventure|Comedy|Fantasy|Romance,3.6029411764705883,34.0
54272,"Simpsons Movie, The (2007)",Animation|Comedy,3.619565217391304,46.0
54286,"Bourne Ultimatum, The (2007)",Action|Crime|Thriller,3.697530864197531,81.0
54503,Superbad (2007),Comedy,3.8636363636363638,55.0
55247,Into the Wild (2007),Action|Adventure|Drama,3.902439024390244,41.0
55765,American Gangster (2007),Crime|Drama|Thriller,3.9054054054054053,37.0
55820,No Country for Old Men (2007),Crime|Drama,3.8984375,64.0
56174,I Am Legend (2007),Action|Horror|Sci-Fi|Thriller|IMAX,3.4838709677419355,62.0
56367,Juno (2007),Comedy|Drama|Romance,3.769230769230769,65.0
57669,In Bruges (2008),Comedy|Crime|Drama|Thriller,4.158536585365853,41.0
58559,"Dark Knight, The (2008)",Action|Crime|Drama|IMAX,4.238255033557047,149.0
58998,Forgetting Sarah Marshall (2008),Comedy|Romance,3.769230769230769,39.0
59315,Iron Man (2008),Action|Adventure|Sci-Fi,3.824468085106383,94.0
59369,Taken (2008),Action|Crime|Drama|Thriller,3.619047619047619,42.0
59615,Indiana Jones and the Kingdom of the Crystal Skull (2008),Action|Adventure|Comedy|Sci-Fi,2.8333333333333335,39.0
59784,Kung Fu Panda (2008),Action|Animation|Children|Comedy|IMAX,3.4444444444444446,54.0
60040,"Incredible Hulk, The (2008)",Action|Sci-Fi,3.1714285714285713,35.0
60069,WALL·E (2008),Adventure|Animation|Children|Romance|Sci-Fi,4.0576923076923075,104.0
60684,Watchmen (2009),Action|Drama|Mystery|Sci-Fi|Thriller|IMAX,3.988372093023256,43.0
61024,Pineapple Express (2008),Action|Comedy|Crime,3.6774193548387095,31.0
61132,Tropic Thunder (2008),Action|Adventure|Comedy|War,3.5,33.0
61323,Burn After Reading (2008),Comedy|Crime|Drama,3.4871794871794872,39.0
63082,Slumdog Millionaire (2008),Crime|Drama|Romance,3.8098591549295775,71.0
63113,Quantum of Solace (2008),Action|Adventure|Thriller,3.4571428571428573,35.0
64614,Gran Torino (2008),Crime|Drama,3.9456521739130435,46.0
64839,"Wrestler, The (2008)",Drama,3.735294117647059,34.0
64957,"Curious Case of Benjamin Button, The (2008)",Drama|Fantasy|Mystery|Romance,3.5945945945945947,37.0
64969,Yes Man (2008),Comedy,3.6176470588235294,34.0
66097,Coraline (2009),Animation|Fantasy|Thriller,3.7,35.0
68157,Inglourious Basterds (2009),Action|Drama|War,4.136363636363637,88.0
68237,Moon (2009),Drama|Mystery|Sci-Fi|Thriller,3.96875,32.0
68358,Star Trek (2009),Action|Adventure|Sci-Fi|IMAX,3.864406779661017,59.0
68954,Up (2009),Adventure|Animation|Children|Drama,4.004761904761905,105.0
69122,"Hangover, The (2009)",Comedy|Crime,3.6315789473684212,76.0
69481,"Hurt Locker, The (2008)",Action|Drama|Thriller|War,4.0588235294117645,34.0
69757,(500) Days of Summer (2009),Comedy|Drama|Romance,3.6666666666666665,42.0
69844,Harry Potter and the Half-Blood Prince (2009),Adventure|Fantasy|Mystery|Romance|IMAX,3.8879310344827585,58.0
70286,District 9 (2009),Mystery|Sci-Fi|Thriller,3.776923076923077,65.0
71535,Zombieland (2009),Action|Comedy|Horror,3.8773584905660377,53.0
72011,Up in the Air (2009),Drama|Romance,3.71875,32.0
72641,"Blind Side, The  (2009)",Drama,3.6774193548387095,31.0
72998,Avatar (2009),Action|Adventure|Sci-Fi|IMAX,3.6030927835051547,97.0
73017,Sherlock Holmes (2009),Action|Crime|Mystery|Thriller,3.853448275862069,58.0
74458,Shutter Island (2010),Drama|Mystery|Thriller,4.022388059701493,67.0
76093,How to Train Your Dragon (2010),Adventure|Animation|Children|Fantasy|IMAX,3.943396226415094,53.0
76251,Kick-Ass (2010),Action|Comedy,3.6511627906976742,43.0
77561,Iron Man 2 (2010),Action|Adventure|Sci-Fi|Thriller|IMAX,3.5106382978723403,47.0
78499,Toy Story 3 (2010),Adventure|Animation|Children|Comedy|Fantasy|IMAX,4.109090909090909,55.0
79091,Despicable Me (2010),Animation|Children|Comedy|Crime,3.6842105263157894,38.0
79132,Inception (2010),Action|Crime|Drama|Mystery|Sci-Fi|Thriller|IMAX,4.066433566433567,143.0
79702,Scott Pilgrim vs. the World (2010),Action|Comedy|Fantasy|Musical|Romance,3.7045454545454546,44.0
80463,"Social Network, The (2010)",Drama,3.8859649122807016,57.0
81591,Black Swan (2010),Drama|Thriller,3.630952380952381,42.0
81834,Harry Potter and the Deathly Hallows: Part 1 (2010),Action|Adventure|Fantasy|IMAX,3.9893617021276597,47.0
81845,"King's Speech, The (2010)",Drama,4.043103448275862,58.0
85414,Source Code (2011),Action|Drama|Mystery|Sci-Fi|Thriller,3.6029411764705883,34.0
86332,Thor (2011),Action|Adventure|Drama|Fantasy|IMAX,3.514705882352941,34.0
87232,X-Men: First Class (2011),Action|Adventure|Sci-Fi|Thriller|War,3.7906976744186047,43.0
88125,Harry Potter and the Deathly Hallows: Part 2 (2011),Action|Adventure|Drama|Fantasy|Mystery|IMAX,3.91,50.0
88129,Drive (2011),Crime|Drama|Film-Noir|Thriller,3.765625,32.0
88140,Captain America: The First Avenger (2011),Action|Adventure|Sci-Fi|Thriller|War,3.546875,32.0
88163,"Crazy, Stupid, Love. (2011)",Comedy|Drama|Romance,3.9838709677419355,31.0
89745,"Avengers, The (2012)",Action|Adventure|Sci-Fi|IMAX,3.869565217391304,69.0
91500,The Hunger Games (2012),Action|Adventure|Drama|Sci-Fi|Thriller,3.435185185185185,54.0
91529,"Dark Knight Rises, The (2012)",Action|Adventure|Crime|IMAX,3.9934210526315788,76.0
91542,Sherlock Holmes: A Game of Shadows (2011),Action|Adventure|Comedy|Crime|Mystery|Thriller,3.763157894736842,38.0
91658,"Girl with the Dragon Tattoo, The (2011)",Drama|Thriller,3.488095238095238,42.0
92259,Intouchables (2011),Comedy|Drama,4.108108108108108,37.0
96079,Skyfall (2012),Action|Adventure|Thriller|IMAX,3.81,50.0
96610,Looper (2012),Action|Crime|Sci-Fi,3.640625,32.0
97938,Life of Pi (2012),Adventure|Drama|IMAX,3.629032258064516,31.0
98809,"Hobbit: An Unexpected Journey, The (2012)",Adventure|Fantasy|IMAX,3.8125,40.0
99114,Django Unchained (2012),Action|Drama|Western,3.943661971830986,71.0
102125,Iron Man 3 (2013),Action|Sci-Fi|Thriller|IMAX,3.5625,32.0
104841,Gravity (2013),Action|Sci-Fi|IMAX,3.578125,32.0
106782,"Wolf of Wall Street, The (2013)",Comedy|Crime|Drama,3.9166666666666665,54.0
108932,The Lego Movie (2014),Action|Adventure|Animation|Children|Comedy|Fantasy,3.870967741935484,31.0
109374,"Grand Budapest Hotel, The (2014)",Comedy|Drama,3.7788461538461537,52.0
109487,Interstellar (2014),Sci-Fi|IMAX,3.993150684931507,73.0
110102,Captain America: The Winter Soldier (2014),Action|Adventure|Sci-Fi|IMAX,3.7419354838709675,31.0
111759,Edge of Tomorrow (2014),Action|Sci-Fi|IMAX,3.977272727272727,44.0
112552,Whiplash (2014),Drama,4.0394736842105265,38.0
112556,Gone Girl (2014),Drama|Thriller,3.7162162162162162,37.0
112852,Guardians of the Galaxy (2014),Action|Adventure|Sci-Fi,4.0508474576271185,59.0
115617,Big Hero 6 (2014),Action|Animation|Comedy,3.8536585365853657,41.0
116797,The Imitation Game (2014),Drama|Thriller|War,4.02,50.0
119145,Kingsman: The Secret Service (2015),Action|Adventure|Comedy|Crime,3.986111111111111,36.0
122882,Mad Max: Fury Road (2015),Action|Adventure|Sci-Fi|Thriller,3.8191489361702127,47.0
122886,Star Wars: Episode VII - The Force Awakens (2015),Action|Adventure|Fantasy|Sci-Fi|IMAX,3.8536585365853657,41.0
122904,Deadpool (2016),Action|Adventure|Comedy|Sci-Fi,3.8333333333333335,54.0
134130,The Martian (2015),Adventure|Drama|Sci-Fi,4.0,48.0
134853,Inside Out (2015),Adventure|Animation|Children|Comedy|Drama|Fantasy,3.813953488372093,43.0
139385,The Revenant (2015),Adventure|Drama,3.903225806451613,31.0
152081,Zootopia (2016),Action|Adventure|Animation|Children|Comedy,3.890625,32.0
